category,customer_segment,total_revenue,units_sold,unique_customers
Books,Lapsed,122504.37,579,21
Books,New,136850.24,656,24
Books,Regular,119405.73,589,23
Books,VIP,205397.09,1023,32
Clothing,Lapsed,168913.54,938,21
Clothing,New,187199.96,1099,24
Clothing,Regular,164689.99,965,23
Clothing,VIP,242233.39,1459,32
Electronics,Lapsed,292081.28,1066,21
Electronics,New,331385.55,1216,24
Electronics,Regular,326641.56,1217,23
Electronics,VIP,458996.76,1703,32
Home & Garden,Lapsed,115782.31,474,21
Home & Garden,New,132633.8,565,24
Home & Garden,Regular,132215.88,582,23
Home & Garden,VIP,208639.66,900,32
Sports & Outdoors,Lapsed,169337.3,589,21
Sports & Outdoors,New,190886.55,631,24
Sports & Outdoors,Regular,168609.66,599,23
Sports & Outdoors,VIP,255046.89,858,32
